"Luis Vasco Gonçalves Fraga Sampaio Rocha";"";"Rua de Perlinhas, n.º 347";"";"";"224895694";"968859806";"peakoilemportugoil@yahoo.com.br";"";"";"75";""
"Júlio Manuel da Rocha Oliveira Cunha";"";"Rua do Bonjardim, n.º 990";"4000-121";"PORTO";"222056131";"963251841";"rolc@sapo.pt";"";"";"76";""
"Fernando Mário Sousa Faro";"";"Rua da Constituição, nº 265, 9º Drt.";"4200-198";"PORTO";"";"916651714";"faro62@sapo.pt";"";"";"77";""
"Rui Lopes de Pais Furtado";"";"Rua Bento Jesus Caraça, 151 - nº 42 Hab. 42";"4200-131";"PORTO";"";"";"theruilopesmail@yahoo.com";"";"";"78";""
